[
    {
        "title": "Фіскальні чеки по СМС чи по e‑mail",
        "content": "У версіях Syrve 9.2+ і плагінах CheckBoxCashRegisterUA V9Preview4.2.1.60 та вище ми зробили можливість вибирати спосіб видачі фіскального чека. Тепер ви можете надрукувати чек, відправити його по СМС або на e‑mail гостю.",
        "date": "2025-07-20"
    },
    {
        "title": "Усунення проблеми 'Сума виручки змінилась на 0.00 грн. замість очікуємого...'",
        "content": "Ми виправили помилку, яка іноді спричиняла зміну суми виручки на 0.00 грн. Після оновлення до останньої версії проблема більше не виникає.",
        "date": "2025-06-15"
    },
    {
        "title": "Особливість 'Безналичних' типів оплат у версіях 9.1+",
        "content": "У версіях Syrve 9.1+ з'явилися нові налаштування для безналичних типів оплат. Натисніть, щоб відкрити детальний опис та інструкцію з налаштування.",
        "date": "2025-05-10"
    },
    {
        "title": "Печатні форми Office у версіях 9.1+",
        "content": "У версіях Syrve 9.1+ ми додали підтримку друку Office‑форм прямо з програми. Перевірте наявність оновлень та активуйте функцію в налаштуваннях.",
        "date": "2025-04-05"
    }
]