[
    {
        "slug": "artsoftdriverplugin",
        "name": "ArtSoftDriverPlugin",
        "description": "Підключення фіскальних реєстраторів",
        "versions": [
            {
                "version": "V9Preview4.1.0.26",
                "min_version": "з версії 9.1 включно",
                "date": "2025-05-01",
                "file": "artsoftdriverplugin_V9Preview4.1.0.26.txt"
            },
            {
                "version": "V9Preview4.1.0.27 (мін: з версії 9.7 включно, дата: 2025-06-01)",
                "min_version": "9.7",
                "date": "2025-08-25",
                "file": "artsoftdriverplugin_V9Preview4.1.0.279.72025-06-01_1756123047.zip"
            },
            {
                "version": "V9Preview4.1.0.27 (мін: з версії 9.7 включно, дата: 2025-06-01) (мін: 9.7, дата: 2025-08-25)",
                "min_version": "V9Preview4.1.0.28",
                "date": "2025-08-25",
                "file": "artsoftdriverplugin_V9Preview4.1.0.279.72025-06-019.72025-08-25_1756123117.zip"
            }
        ]
    },
    {
        "slug": "checkboxcashregisterua",
        "name": "CheckBoxCashRegisterUA",
        "description": "Підключення ПРРО ЧекБокс",
        "versions": [
            {
                "version": "V9Preview4.2.1.62",
                "min_version": "з версії 9.1 включно",
                "date": "2025-05-03",
                "file": "checkboxcashregisterua_V9Preview4.2.1.62.txt"
            }
        ]
    },
    {
        "slug": "privatbankplugin",
        "name": "PrivatBankPlugin",
        "description": "Підключення терміналів ПриватБанк (PAX)",
        "versions": [
            {
                "version": "V9Preview4.1.0.14",
                "min_version": "з версії 9.1 включно",
                "date": "2025-05-01",
                "file": "privatbankplugin_V9Preview4.1.0.14.txt"
            }
        ]
    },
    {
        "slug": "roundinguaplugin",
        "name": "RoundingUAPlugin",
        "description": "Округлення згідно законодавства",
        "versions": [
            {
                "version": "V9Preview4.1.0.28",
                "min_version": "з версії 9.1 включно",
                "date": "2025-05-13",
                "file": "roundinguaplugin_V9Preview4.1.0.28.txt"
            }
        ]
    },
    {
        "slug": "ecrcommxplugin",
        "name": "ECRCommXPlugin",
        "description": "Підключення банк терміналів по протоколу BPOS1",
        "versions": [
            {
                "version": "V9Preview4.1.0.37",
                "min_version": "з версії 9.1 включно",
                "date": "2025-05-13",
                "file": "ecrcommxplugin_V9Preview4.1.0.37.txt"
            }
        ]
    }
]