[
  {
    "slug": "9-2-6029",
    "name": "Syrve 9.2 реліз 9.2.6029",
    "categories": {
      "resume": "Стабільність без проривів\n\nДостатньо стабільна для України версія. Але, завдяки зосередженості розробки на архітектурних змінах, помітних проривів для користувачів не буде. А от стабільність та продуктивність системи покращені.",
      "novelties": "Нові можливості та зміни в цій версії ще не описані.",
      "forUkraine": "Фіча версії для України – це можливість сканувати акцизні марки у будь‑який момент роботи над замовленням та незначні доопрацювання у формах фіскальних чеків.",
      "fixed": "Список виправлень у цій версії: ...",
      "important": "У цій версії немає критичних змін, що потребують особливої уваги.",
      "problems": "Відомі проблеми для версії 9.2.6029 ще не виявлені.",
      "additions": "Доповнення для цієї версії: ...",
      "lifehacks": "Лайфхаки та поради з використання цієї версії будуть додані пізніше."
    }
  }
]